CRM ID ,Hot Lead School Name,Address,Mobile No. 
7647,ILVA HIGHER SECONDARY SCHOOL-PROF H K JAIN,"31, Sapna Sangeeta Road, Behind Lotus, Sneh Nager, Navlakha, Indore, Madhya Pradesh 452001 Phone: 0731 246 0990",910731 460990
10366,EVERGREEN PUBLIC SCHOOL-MS SANGEETA BABEL,"Neelkanth Mahadev Colony, Shastri Nagar, Bhilwara, Rajasthan 311001","98290 45569, 9511502044"
12657,THE KHAITAN SCHOOL-MRS DAVINDER KAUR,"Block F, 1A/A, F Block, Sector 40, Noida, Uttar Pradesh 201303",9810521180
64995,MGM School -Bokaro,"M5P6+5H5, Sector 4-F, near Central Bank of India, Sector 4-F, Sector 4, Bokaro Steel City, Jharkhand 827004","94705 91856, 9470591858, 9470970651"
65312,Annpurna Bal Vinay Mandir High School: Sagar pandya,"393, Kulkarni Ka Bhatta, Kalyanmill Naka, Pardesipura, Indore - 452003, Near MP Government School","98266 66484, 99772 86607"
65433,kids fountain play school- sanjay,"Purvanchal Royal City, Plot No. GH-05 Sector CHI-V, Greater Noida",9311771107
65653,"Lotus Valley School, Ajmer - Mr.Ajay Singh Rajput","M.S Rawat Colony, Chamunda Chauraha, Foy Sagar Rd, Ajmer, Rajasthan 305005","94137 02432, 7014564495, "
65893,Rajwanshi Sr. Sec. School/Suresh Kumar,"Narnaul Ho, Narnaul - 123001 (Vpo Dohcana, Dist M/Garh, Haryana ",97290 14990
65914,RAJA Sahib Public Sr. Sec. School Jhingran/Principal Tarjiwan Singh Garcha,"Raja Sahib Sen. Sec, School VPO Jhingran Distt SBS Nagar, Punjab 4X6J+PM4, Pin coce :- 144507","81465 40969, Balvir singh 8847593896, 94176-72639"
66009,Anantha Sai Vidya Nikethan-Srikanth,"Sukh Vihar, Bagh Amberpet, Amberpet, Hyderabad, Telangana 500013","91777 73945, 98498 01147"
66203,Shree Swaminarayan High School-Ankit Choksi,"Swaminarayan Mandir Compound, Daxini Railway Crossing, Maninagar, Ahmedabad - 380008",94280 17305
66301,Saraswati Vidya Mandir School,"Hansi Road, Jind HO, Jind - 126102 (Near Industrial Area)",94161 68131
66327,Bahjoi Heritage public school-Sumit Kumar Varshney,"Bahjoi Heritage Public School,Islamnagar Churaha (pincode: 244410),Ray Pur Kalan.Behjoi, Sambhal (Bhim Nagar), Uttar Pradesh",92599 99919
66331,Gurukul Academy-Ravindra Pandey,"Indra Nagar, Garautha, Uttar Pradesh 284203",89014 61281
66336,Shivalik Educational Academy-Kaushal Sharma,"Deeg, Asaoti - Jataula Rd, near Railway Fatak, Asaoti, Haryana 121102",89014 61281
66351,Dhar Cambridge Academy-Vipin Kumar,"Mandu Rd, in front of D R P LINE, D R P LINE, Dhar, Khankapuri, Madhya Pradesh 454001",83198 51251
66370,Arya Sanskar Valley-Pawan Kumar,"Address: P39H+4QP, Nambrot, P.O. Dhalwan, Teh. Baldawara, Distt, Himachal Pradesh 175004",094598 48000
66398,Central India Academy-Rita Singh,"X39Q+6P9, Bhopal - Indore Rd, Dewas, Madhya Pradesh 455001",73894 00609
66436,Learning Trees School- Priyank Gokani,"FF, Pebble Bay, BRTS, New CG Rd, Janta Nagar, ONGC Colony, Chandkheda, Ahmedabad, Gujarat 382424",98981 82884
66440,SS Public School- dharampal sir,"JVWP+JJ9, Ramgarh, Panchkula, Haryana 134111",98967 90200
66470,Aayurishi modern school,"Address: Azampur Garhi, Mandi Shyam Nagar, Greater Noida, Uttar Pradesh 203202",73765 55888
66630,Speed well Edusports school-vikas gajanan,"VM93+3R, Gadgadsangvi, Maharashtra 422403",99229 56929
66710,PEARLS INTERNATIONAL SCHOOL-Satwinder Singh Kala,"Hajipur Mukerian Road Ballowan Mukerian, Hoshiarpur, Punjab 144211",94632 92013
66931,Jnana Bharathi Group of Institutions-M.ramesh Babu,"Dodahatta Road, Kalyandurg, Andhra Pradesh 515761",94402 15655
67032,Candid Public School-Irshad Rather,"Address: Awaneera, Road, Frisal, Jammu and Kashmir 192232",70063 48893
67035,SB International School-Gaurav Sharma,"9HWW+6V2, Bagpur, Uttar Pradesh 203202","94116 93973, 9412242818"
67039,Kidz Kingdom Pre-school And Activity Centre-Mala Lohani,"Shop No. G 5, 107/102, Durvas Apartment, Link Road, Nalasopara East, Palghar - 401209 (Opp Dmart)",96193 02266
67091,Amar Bhartiya Mahavidyalaya-Chouhan,"68Q2+8J8, dhaneli, badagaon road, Morar, Gwalior, Madhya Pradesh 474006",94257 74121
67093,"West Point School Sandhwan,Danewala Road-Himmat","Moga Rd, Kot Kapura, Punjab 151204",98159 44566
67095,Vishwa Bharathi Arts and Science College-Sridharan,"Vishwa Bharathi arts and science college and vishwa Bharathi college of education,Krishnagiri main road, morappur-post, harur taluk, dharmapuri District-635305",88259 86983
67127,St. Joseph International School-Anil Maan,"12 KM Stone, Hisar-Sirsa Road, Hisar, 125047 (Haryana) ",9813100018
67151,SSM english school,"8XWC+677, Central Jail Rd, Bheem Nagar, Varanasi, Uttar Pradesh 221102",79833 02155
67156,Yardland school,"UP, MP BORDER CHITRA ROAD, near ASHRAMSHALA, Kashavgarh, Chitrakoot, Madhya Pradesh 210204",87001 30160
67166,Montesseri Academy,"Kumarganj- Patiram Rd, near Post Office, Patiram, West Bengal 733133",99031 77915
67167,gomtesh eng medium school,"Address: Gomatesh Nagar, Nipani Murgud Rd, Niapni, Karnataka 591237, 95958 91000, 8669126850",97670 86499
67169,Tiny Tots Play School-Ruby,"32, New Bank Colony Jambudeep, Do Batti Road, Do Batti, Ratlam - 457001",9926430777
67170,Ignited Minds International School-Vijay,Address Ignited Minds. 402. Orchid Business Centre. Marol Military Road Andheri East Mumbai 400059 Phone: +91 9456168694 Mobile: +91 7021854115,91 7021854115
67175,Little World International Play School,"Address: No.259, Agara Bus Stop, Outer Ring Rd, beside Agara Flyover, Agara Village, 1st Sector, HSR Layout, Bengaluru, Karnataka 560102, Phone: 098800 71870",98800 71870
67176,MRUN balika school,"Address: H9XG+Q4M, Govindpur Goriyon Rd, Govindpur Goriyon, Uttar Pradesh 212217",7388428907
67177,kids planet school,"Kids Planet Convent School, Jhattra Road, Zira, Jhattra Road, Ferozepur, Firozepur, Punjab, 142047",7009264087
67179,Medhaam Preschool & Daycare,"Medhaam Preschool & Daycare C Block, South City 1 Gurugram, Haryana 122 007 (near Rakshak apartments)",9654133900
67180,Anshul Vidya Mandir,"Address: G8VM+2MQ, Chandrashekhar Azad Nagar, Kaliyawav, Madhya Pradesh 457882",8815091698
67187,mansarowar public high school,"M P Nagar, Satai Road, Green Avenue Colony, Chhatarpur - 471001 (Gali No 02)",9425882545
67193,Hillside college of pharmacy @ research centre,"Address: 9, Kanakapura Rd, Raghuvanahalli, Bangalore City Municipal Corporation Layout, Bengaluru, Karnataka 560062","9243788829, 9916990103"
67204,KHARAGPUR PVT. INDUSTRIAL TRAINING INSTITUTE-Suman Aacharya,"Walipur Bus Stand (NH-6), Kharagpur - 1, Walipur, Kharagpur, West Bengal 721301",98000 98555
67208,Ganga Sheel Group of Medical College,"Kamua, Bisalpur Road Bareilly (U.P)","75003 33360 
+91-9690054444"
67210,DPS,"City Office Maripur, Muzaffarpur, Bihar - 842001 +91-99733 63590 +91-9117309999 +91-9117109999 info@dpsmuzaffarpur.com Main Campus NH-77, Turki, Muzaffarpur, Bihar - 844127",99733 63590
67227,Sunrise International School-Sudhakar Reddy Madireddy,"M545+Q6X, Deendar Palli, Bhakarapeta, Andhra Pradesh 517194",9160020473
67228,Global Oriental Public School-Shamshad Ahmad,"Address: HWH7+XHJ, Bhelipatti, Uttar Pradesh 274404",9415275810
67413,Labbaik Scholars school,"Labbaik scholars school, 80B Dr. Sundari mohan,Avenue,Kolkata 700014,1st floor,Above bandan bank.",98303 82885
67513,WAVE INTERNATIONAL SCHOOL-Krishna Kumar,"Siyantand, Baramasia, Jharkhand 815312",78702 32601
67680,K N Patel School-Payal Siddhapura,"4G3W+43V, Shayona Green, KNPIS Shankus Green Memories Party Plot Lane, Besides, Gota, Ahmedabad, Gujarat 382481",81810 00888
67682,vardhman higher secondary schoolMohit Gandhi,"Police Station, CM - 8 & 9, near Hira Nagar, Sector CH, Sukhlia, Indore, Madhya Pradesh 452010",80853 98777
67708,Gurukulam-Sivanesan Kandaiah,"Alangirankadu Road, Aranthangi, Pudukkottai, Tamil Nadu, 614624, India","9600680849, 9080679861"
67910,Praveen Vidyapeeth-Deepak Jadon,"Address: NH2, Sirsaganj, Jugmudi, Uttar Pradesh 283151","9528385650, 7300787344"
67995,Kidzee Pre School-Geeta Ahuja,"Address: New Mondha, Parbhani, Maharashtra 431401",9028193935
68022,sunshine public school,"Sunshine Public School, Jind Road, Kaithal, Kaithal, India, Haryana",89303 28877
68053,The Mount School,"Chakmusa Road, Patna Aurangabad Road, Phulwarisharif, Patna - 801505 (Near Nakti Bhawani)",9334110068
68081,om Gyan Kendra -Hemendra Agrawal,"Address: Om Gyan Kendra, Shivpuri Block B, Saloda Road, Gangapur, Rajasthan 322201",9982777518
68085,"AHA Public School, Chapra-Gulam Jilani","Address: Jalalpur, Chapra, NH-85, Saran, Bihar 841301",94706 57206
68148,dream valley school-Khader Mohd,"Address: Dewdi,Karam ali khan Tappa Chabutra, Karwan Rd, Hyderabad, Telangana 500006",9491194876
68185,"St Joseph World School, Karhal-Navneet Yadav","Address: Saifai Bypass Karhal (Near Police Station, Uttar Pradesh 205264",9818950388
68270,Simna Public School-Imran khan,"Chikhli, Rajnandgaon - 491441 (Pond, Raman Bazar)",9300323366
68311,MAXX WORLD SCHOOL,"Address: R5X7+373, Bajaura, Himachal Pradesh 175125",9816031100
68317,Shri Hari Vidyaniketan-rajesh kumar meher,"Address: Padarparapara, Tarbha, Odisha 767016",7978929922
68328,Sardonyx School - Jhajha-M Akhtar Sardonyx,"Address: Q9M6+856, Dumar Pokhar Rd, Jhajha, Bihar 811308",8298855384
68949,PBS Gurukul-bhagvat sonawane,"Address: 74/1 Near Railway Flyover, Kotamgaon Kh, Yeola, Maharashtra 423401",88062 72733
68365,Empire College Of Science,"Address: Moodal, Kuttippuram, Kerala 679571",9946211243
68368,Sri Sai concept school-K.Reddeiah,"Address: Kurnool - Ongole Main Rd, Samatha Nagar, Sujatha Nagar, Ongole, Andhra Pradesh 523002",95055 03412
68638,Oriental Naga Academy-Khathing Luiram,"Address: 39W9+2G7, Ukhrul, Manipur 795142",90894 50007
68672,SKS Doon World School-Vishnu Varshney,"Address: 53M8+4RG, SH 43, Jakhaulia, Gotha, Uttar Pradesh 202526",81267 40185
68703,Elite Global School-Bhagirath Singh Rawat,"ROAD, Delanpur, Sailana, Madhya Pradesh 457001","9413752212, 89669 89049"
68728,Shemford futuristic school kupwara- John Mohd,"Birpur, adjoining Imperial Resorts, Jammu, Jammu and Kashmir 181133",94693 19107
68757,Vedic Indian School-Naveen Kumar Nandey,"Address: Harishankar lane, opposite aditya vision 7004508433, Haji Nagar Colony, Mithanpura, Muzaffarpur, Bihar 842002",7004508433
68821,Golden Spring School-Patan Sak,"Khan Estate, T.Sakibanda, Andhra Pradesh 516214","77996 12447, 85003 04504"
68842,Satyaketu Vidyalaya-Yudhvir Singh,"KOTLI MIAN FATEH, R S PURA, Jammu, Jammu and Kashmir 181132",98582 35473
68925,Gurukul International Convent School akash yadav,"Janakpur Near Darauli Railway station, Muhammadpur Phooli Road, Zamania, Uttar Pradesh 232326",85428 48484
68935,Elite Minds School,"Elite Minds International School Campus, Village Chinniga, Jannapura - Mudigere, karnataka",94484 99512
68972,Tunga Pre-Primary School-Selvam R S Subramani,"Tunga Pre and Primary School, Hospet - 583225 (Behind Anjenaya Temple)",94496 22566
69258,Royal Public School-Rakesh Meena,"Jamoli Pin Code 311201 School Area Rural Cluster Gups Rampura, Jamoli Block Jahajpur District Bhilwara State Rajasthan",96605 77252
69043,SHEILING HOUSE,"Address: Zoe Ville, 10/498, Allenganj, Kanpur, Uttar Pradesh 208001",9129976192
69575,Village Montessori School - DrShiv Mohan,"Mishrana, Khaprel Bazar, Lakhimpur, Kapoorthala Road, Kheri, Lakhimpur Kheri - 262701",99999 49717
69334,Pratibha Academy,"Address: Pratibha Academy, opp. Nutan Club, Nana Bazaar, Vallabh Vidyanagar, Gujarat 388120",9824279555
69342,Sri Vasavi English Medium School,"P.Anil Kumar, Join Secretary , Sri Vasavi English Medium School - Srirampura - 577542 , Hosdurga tq , Chitradurga Dist - Karnataka State",94494 65627
69421,"St Rameshwar Central School ,Nirbhay Kumar Nirala","Address: Main Road, Bharwara, Bishunathpatti, Bihar 847104",9470404094
69759,Bengal Public School - Arindam Sinha,"Address: SH 7, Sherpur, Khargram, Ramchandrapur, West Bengal 742159",90518 79456
70105,SRPV Bhavapur-Sandeep Singh,"School Location Saharah, Mugkalyan Howrah, PIN - 711312","98398 77327, 70471 96366"
70169,DS Public School-Sanad Saxena,"OCTORI NO, 08, NAWA PURBA, Firozpur, Punjab 152004","919653947266, 96538 33235"
70162,LBS College pratapgarh,"Address: National Highway 113 Banswara, road, Pratapgarh, Rajasthan 312605",94144 19873
70224,Saraswati Gyan Mandir,"Diwakari, Umrain Alwar, Rajasthan PIN Code: 301001",97993 22242
70285,St Xaviers Point School-Vijay Dubey,"37, Suren Sarkar Road, Beliaghata, Kolkata - 700010 (Near Milan Mandir, CIT More)",87776 73631
70318,Vivekanand mission jivkorba English School- Kalyan Roy,"Gj Sh 143, Mamlatdar Kacheri, Talod, Sabarkantha - 383215",88663 94483
74129,Green mount English school -Javed Jamal,"Green Mount School,'F’-Sector, Itanagar-791113 Arunachal Pradesh (India)","94027 82454, 620493 9994 "
74832,Madam Curie High School-Vaishnv Garasiya,"F7HF+476, Kukdeshwar, Madhya Pradesh 458116",89650 07827
76602,Day Light Public School-,"HRH7+WPR, Virat Nagar Main Rd, Umri, Virat Nagar, Satna, Madhya Pradesh 485001","9098119493 , 94247 33944"
75364,Maa Saraswati Gyaan Mandir Inter college -,"Address Jawapur, Kishani, Mainpuri, 206303, Uttar Pradesh, India",73980 00063
75507,"Times Gurukul, Jagatsinghpur","Taradapada, Jagatsinghpur, Jagatsinghpur, Orissa, PIN Code: 754103 (INDIA)",785-502-9944
68352,Alfa Advanced School,"Jodhpur Bilara Padasla Kallan, Gps Np Pipad Shahar_Ward No. 9 Rajasthan India 342601",
80808,ram lakhan patel vidhyalaya-vikash prajapati,"Pilkhawan, Post, Barwa, Sohawal, Faizabad, Pincode-224182, Uttar Pradesh, India",9651247244
82255,Silicon Acadmey,"Address: 76, Gali Number 3, Ward 7, Sanwer Road Industrial Area, Indore, Madhya Pradesh 452015",8269091343
9072,Venkateswar English Medium School,"Venkateswar English Medium School
35, Chandrasekharpur
Near Infocity Road and CTTC
Bhubaneswar, Odisha-751024","7381267777 , 7381268888"
82360,The Legacy world school,"225, Airport Rd, Dwarkadhish Colony, Panchsheel Nagar, Indore, Madhya Pradesh 452005",919893079247
10450,impulse english school,"NH-11, Agra Side Bypass Tiraha, Agra Road, Dausa Rajasthan, 303303",94622 32526
82556,EDUVERTS COMMUNICATION PRIVATE LIMITED,"Eduvest Connect Pvt Ltd, 3rd Floor, B-1, HIG Main Rd, Nanda Nagar, Indore, Madhya Pradesh 452001","8959881603, 9302 64 9284"
82099,S. Tech international School,"Address: NH service road, suras chauraha NH, via, near palana temple, Pansal, Rajasthan 311802",918949084654
82449,Gyan carnival school,"Address: 13, Main Road, Clerk Colony, Indore, Madhya Pradesh 452011",919926043336
82324,Shree Swami Ramanand Vidya Sankul,"Address - SHREE SWAMI RAMANAND VIDYA SANKUL RAMTEKRI TAPOVAN VILL.- SOPRA,CHACHODA, Sopra, Madhya Pradesh 473115, + 91 963 005 8064, +91 963 005 8438",917024574702
1666,Rungta International School-Mrs.Nandini Dasgupta,"Address: RIS Building, behind Nandan Van, Veer Savarkar Nagar, Raipur, Chhattisgarh 492099",77166 66666
68061,Mount Valley International School-Ramniwas Dhakar,"Mount Valley International School Sarlai, Peeo Sukhwara, Bhadesar Chittaurgarh Sarlai1 (pincode: 312613) Rajasthan.",99290 99205
82209,Sans Public School,"Address: 3rd Cross Rd, Kanthirava Layout, Kanteerava Nagar, Nandini Layout, Bengaluru, Karnataka 560096",80 2955 8405
82054,K.H. Memorial School,"`K H Knowledge City, Jawahar Nagar, Bhilai, Chhattisgarh 490023",99813 92164
69562,Devnandan Inter Collage,,919984551100
82529,Jubilant group of education,"Address: Ayesha Masjid, 72-73 Geeta Nagar Bhind, Indore, Madhya Pradesh 452006",97540 01473
65964,"T R Public School, Uttar Pradesh - Ajay Dubey","Amee Alapur, Pura, Faizabad, Ayodhya Uttar Pradesh PIN Code: 224172",99190 92966
82501,Shikshalay Day Scholar School,"Address: 19, shree krishna enclave, Ujjain - Indore Rd, Ringnodiya, Madhya Pradesh 453555",62321 01322
67039,Kidz Kingdom Pre-school And Activity Centre-Mala Lohani,"DURAVAS COMPLEX, YASHWANT VIVA TOWNSHIP OPP. DMART BEHIND FIRE BRIGADE, Vasai East, Maharashtra 401209",9619302266
82528,Little harvard international school,"Address: 102, Airport Rd, Shakti Nagar, Ambikapuri Extension, Sadhna Nagar, Indore, Madhya Pradesh 452006",919340603033
66561,Knowledge Rain Public School-Sanjay Yadav,"Address: MP64+XHH, Oswada, Madhya Pradesh 451770 MADHYA PRADESH",918770677409
82411,Silicon Academy,Indore Urban Hss Vijay Nagar Ward No.22 Madhya Pradesh India 452001 (Map),918269091313
82472,Parakh Public H. S. School,"Address: Biloda Nayta Rd, Sanwer, Madhya Pradesh 453771",919826066807
82478,RAJORIA INTERNATIONAL,"Address: 100, Veena Nagar Main Rd, Khati Pura Rd, DDU Nagar, Sukhlia, Indore, Madhya Pradesh 452003",917489276224
82541,Ideal Public School,"Address - Dwarkapuri Colony, Indore, India, 452009, Phone - 098260 45456",919827234650
82536,Elite Public School,"C27 Suvidhi Nagar, Rukmani Nagar, Smriti Nagar, Indore - 452006 (Near Smruti Nagar)",919425479184
82322,Bhandari public school,"Near B.T College, Pdela Hanuman Mandir Marg, Khandwa, Madhya Pradesh 450001",919425087900
82538,Sanjivani Global Academy,Indore Bhopal Highway Bhourasa Sonkatch 455115,919981104970
82534,"Brilliant Brains, The Foundation School","G 237, G Sector, Silicon City, indore, Indore, India, 452012, Phone - 096854 91919",9977502747
69493,SGM UPPER PRIMARY SCHOOL PAGARIYA,"Village Pagariya, Pagariya, Pt. Samiti Bhawanimandi Tehsil Pachpahar, District Jhalawar, Rajasthan, Pin Code 326512","700014 5435, 89550 63134"
82316,Aajinkya khare,"Address - 455, Bapu Gandhi Nagar, Scheme No 114, Indore, Madhya Pradesh 452010, Phone - 093008 22655",917880016179
82337,Acropolis,"Address - Acropolis Institute of Technology and Research, Bypass Road, Manglia Square, Manglia, Indore, Madhya Pradesh-453771, India, Phone - 0731-4730000, 4730001",919926058860
82300,Adarsh Vidhyapeeth,"Address - ADARSH VIDHYAPEETH HIGHER SECONDARY SCHOOL Sushila Sadan, Naya Mohalla Burhanpur, Madhya Pradesh, India 450331, 97540 59016",917999087076
82287,Aditya mantri,"Address: 218/2 Dharnawad, Dhar Road, Indore, Madhya Pradesh 452002",919179305288
82438,Agraval public school,"Address - Agraval public school, Bicholi Mardana Road Indore 452016 (M.P.) Email: info@apsindore.com Phone: 0731-4212666",918109940005
82442,Al-Hira Public School,"Address - 58-59 J, Aamwala Road, Dhar Road, Indore - 452002 (Chandan Nagar)",919826094360
82537,Angel Hearts Academy,"Address - 6, Vandana Nagar, Indore, Madhya Pradesh 452018, +91 98272 13134 , 0731-2498857",919981823253
82466,Angels Planet,"Address - Angels Planet, Rameshwar Nagar, Khandwa, Madhya Pradesh 450001, Phone - 9827211335",919827211335
82307,Anjali Rajora,address not found,919907302010
82420,Anshuman HS School,"Address - The Daly College, 1, Residency Area, Indore, Madhya Pradesh 452001, 91 (0731) 2719000, 2719001, 2719023",919981111180
82319,Arham,"Address - 211, Patel Mohalla, Samrat Nagar, Khajrana, Indore, Madhya Pradesh 452016",917000642309
82288,Arise global Academy,"Address - 27/B , Arise global Academy, Indira Gandhi Nagar, Kesar Bagh Road Indore Madhya Pradesh-452009, 7999750399",918959090001
82427,Asmakam Life University,"Address - Asmakam Life University, 22 Sunshine Farms, A.B. Road, Indore 452012 (M.P.), +91-7723837600",919009042684
82311,Atharv Maurya,"Address - Catalyst World School, Bicholi Mardana, Ambamoliya Bypass Road, Indore - 452010, Phone - +91 9753333041/+91 9753333611",919244142716
82304,AVP Global,"Address - AVP Global School Kishore Campus, Plot no. 309-310/3, Khadkod, Jalgaon-Jamod Road, Burhanpur - 450331, +91 79990 87076",918369383010
82474,Azad convent high school,"Address - B-48, Tenant Nagar, Ratlam, Madhya Pradesh 457001, India, Phone - 09893520944",919893520944
82323,Bal gokulam,"Address - 8, Akshay Deep Colony, MR 9 Road, LIG Colony, Indore, Madhya Pradesh 452011, India, Phone - 077718 77767 / 077708 77767",919977227767
82424,Banyan Tree school,"Address - Bisankhedi, Bhadbhada-Suraj Nagar Road, Ahead of Sports Authority of India, Bhopal, Madhya Pradesh 462044, Phone: +918989120736, +917746034885",919830818311
82382,Barkatullah University Bhopal MP India,"Address - Barkatullah Vishwavidyalaya, Bhopal Hoshangabad Road, BHOPAL-462026, Madhya Pradesh (INDIA) (website)",919977255647
82322,Bhandari public school,"Address - Bhandari Public School Near B.T College, Sihada Road Khandwa 450001 (M.P), +91-9479884057 0733-2249884, 2249784",919425087900
82455,Bhaskar Academy,"Address - Bhaskar Academy,Ringnodiya Square, Sanwer Road, Ujjain – Indore Rd, at, Indore, Madhya Pradesh 453551, 9258133119 & 9644282009",919425314932
82429,Birla Open Minds International School,"Address 1 : Jhalaria Road, Off Bypass Road,Near County Walk Township,Indore, Madhya Pradesh - 452016. Address 2 : MR-10 Toll Plaza Bridge, Next to Nirvana Resort, Kumedi - Indore, Madhya Pradesh - 453555, Phone : +91 9109444977 , +91 9522272090.",919630091365
82341,Brilliant Academy,"Address - E-409, Malvi Nagar, Shyam Nagar Annex A, Sukhlia, Indore, Madhya Pradesh 452010, Phone - 092851 33118",919109619792
82534,"Brilliant Brains, The Foundation School","Address - G 237, G Sector, Silicon City, indore, Indore, India, 452012, Phone - 096854 91919",919977502747
82516,Brilliant Higher Secondary School,"Address: 578, Khatiwala Tank, Indore, Madhya Pradesh 452014 Phone: 0731 409 2864",919584265151
82340,Busybuddies Pre School,address not found,919827097674
82523,Canyon school Beenapur,"Address - Canyon School Beenapur Bhopal [M.P] Pin-code 462030 , +91-755 - 4077726, 4077531",919977016855
82418,Castlewood Pre School,"Address - Castlewood International Pre School, 6 Ext Rajmahal Colony, Manik Bagh Road, Near 6 Bunglows, Indore, Indore, India, 452001, Phone - 088199 77111",919893373321
82519,Chaitanya international,"Address: Chaitanya International School, Aastha Palace, behind Gondvale Dham, Dwarkapuri, Indore, Madhya Pradesh 452013",919098088177
82326,Chalk and Duster a play school and dayca,"Address: shalimar palms, 06 sharthak street Near sanjana park and, Road, near J V Collection, Bicholi Mardana, Indore, Madhya Pradesh 452016",919993049220
82507,Choithram International,"Address - Choithram International Choithram Hospital Campus 5, Manik Bagh Road Indore MP 452014 +91 731 2360345 +91 731 2360346",919584450114
82414,Choithram school,"Address - Choithram School, 5 Manik Bagh Road, Indore, Madhya Pradesh 452014 (M.P.), 0731-2475252-53-54",919826255541
82403,Columbia Convent school,"Address - Manavta Nagar, Kanadia Road, Indore (M.P.) INDIA – 45201, Phone No +91 731 -2845444, 2845249, Mobile No +91-98267-37370",919926031149
82406,Daly College,"Address - 1, Residency Area, Indore, Madhya Pradesh 452001",919179497678
82450,Dastak public school,"Address - 82, Sector H, Green Park Colony, Indore, Madhya Pradesh 452006",919827729437
82308,DBS PUBLIC SCHOOL,"Address - 19-Rani Palace, Dhar Rd, Geeta Nagar, Indore, Madhya Pradesh 452002, 9827043854",919827043854
82423,Delhi Public School,"Address - Delhi Public School, Pipliakumar – Nipania Road, Village – Nipania, Indore 452010 (M.P), Phone - 0731-2444401 / 9109384463",919826451661
82428,Dfly International,"Address - Indore 402,Diamond Trade Center, Janjeerwala Square, New Palasia, Indore 452001,",919425312830
82395,Divine kids school,"Address - Khatipura, New Gouri Nagar, Sukhlia, Indore, Madhya Pradesh 452003, 9687040305",919687040305
82320,Dr M B Khan,"Address - 187, Bhagora Road, New Guradiya, Mhow, Indore, Madhya Pradesh, Pincode: 453441, Phone - +91 9111136883,+91 9926085992",919926085992
82335,Edara Nagapavan,"Address - Flat No. 402, Maruthi Jewel, Hari Hara Constructions, Near Sushma Theater, Kranthi Hills, Vanasthalipuram,I-Icon Academy, Hyderabad, Andhra Pradesh",919848688388
82398,Edify school,"Address - Mandsaur Bypass, Near Guradiya Balaji Temple, Mandsaur, Madhya Pradesh-458001, Phone - 08370006805",919522222296
82536,Elite Public School,"Address - Elite Public school, Indore, India, 452005, Phone - 0731 355 5152",919425479184
82499,Eurasia International school,"Address - Eurasia International school 87,Anoop Nagar Opposite Mahavir garden Indore - Madhya Pradesh Pincode : 452001, Phone number: 9770044338 Landline: 0731-4020320",919826786770
82464,Eva World School,"Address - Mayakhedi, Opp. Omaxe City-1, Bypass Road, Near Vistara Township, Indore MP 452010, Phone - +91 9111040700, 9111040800",919826297927
82448,Excellent academy,"Address - 107, Gulab Bagh, Dewas Naka, Lasudia Mori, Indore, Madhya Pradesh 452010, Phone - 0731 405 5154",919329570340
82505,Golden Future Higher Secondary School Sa,"Address - Badodiya khan, Ujjain Rd, Sanwer, Madhya Pradesh 453551",919425032563
82505,Golden Future Higher Secondary School Sa,"Address - Badodiya khan, Ujjain Rd, Sanwer, Madhya Pradesh 453551",919425032563
82407,Governments Law Collage,"Address - G.A.C.C. Campus Opposite Petc A.B. Road Indore (452001), Office Phone No. 0731-2971400, 2400083,7489548154",919993066434
82392,Govt Gyanodaya Residential School,called him for address but he said I am busy right now,917999855919
82489,Gurukul Vidhyadham,Address - 102 ambikapuri extension indore (MP),919329696804
82449,Gyan carnival school,"Address: 13, Main Road, Clerk Colony, Indore, Madhya Pradesh 452011",919926043336
82396,Gyan Sagar Girls International,"Address - Sector B, Kalani Bagh, DEWAS, Madhya Pradesh, Phone - 455001 INDIA, Phone No.: +91 – 7272 – 250001, +91- 7272- 796206",917509078610
82270,Gyan sagar school ujjain,"Address: Near Abhilasha Colony Dewas Road, Gram: Hamukhedi UJJAIN - 456010 Madhya Pradesh - INDIA Phone No.: +91 - 734 - 2526176, + 91 - 7509075008",919131275717
82419,Ideal Academy,"Address - Avantika, Scheme No. 51, Near Marimata Square, West Indore, Madhya Pradesh 452006, Phone - 0731-2617400, 0731-2617500, WhatsApp - 94250 82107, 94250 55794",919425068458
82402,Ideal International School,"Address - Govind Colony Main Road, Infront of Sch. No.51 Near Kamla Nehru Colony, West Indore Madhya Pradesh - 452015, Whatsapp - 9644200400, Phone - +91 9644200900, Landline - 0731 - 2617600, 0731 - 2617700",919340128577
82541,Ideal Public School,"Address - Dwarkapuri Colony, Indore, India, 452009, Phone - 098260 45456",919827234650
82280,IES public school bhopal,"Address - IES public school bhopal, IES CAMPUS, Kalkheda Ratibad Main Road, Bhopal - 462044. +91 9229251475.",917974333548
82527,Imperail academy school,"Address - School No 8 Khandwa Naka, Khandwa Road, Indore - 452020 (just dial)",919826700687
82359,Indore Convet Her Sec School,"Address - Banganga, Maharana Pratap Nagar Indore, Madhya Pradesh 452015",9.198260962727E+021
82359,Indore Convet Her Sec School,"Address - Ward No.19, Indore Urban Indore, Madhya Pradesh PIN Code: 452015 (INDIA) (website)",9.198260962727E+021
82393,Indore Institute of Pharmacy,"Address: Pithampur Road, Indore - 453331, Madhya Pradesh, India Contact Number: 18001033069",919630656912
82333,Innovator school,"Address - Rau, 194, Braj Vihar Colony, Indore, Madhya Pradesh 453331, Phone - 090090 20606",919009020606
82343,Jd School,address not found,917024413142
82321,Jitendra Bal Vinay Mandir,"Address - 577/10 D Nand Bagh Colony, Kasera Bazar, Indore - 452001 (website)",918817464746
82447,Jyoti Senior secondary school Rewa,"Address - NH - 7, Allahabad Rewa Road, Rewa, Madhya Pradesh - 486001 (school website)",919752962019
82404,Kanwartara Public H.s School,"Address - Shrinagar Colony Extn., Barwaha Road, Mandleshwar (451221), Madhya Pradesh",919926064231
82500,Kautilya Educational Academy Dewas,"Address - Kautilya Education Academy,Shajapur A.B. Road(Barwal), SHAJAPUR Dist: SHAJAPUR MADHYA PRADESH - 465001 Phone - 9479766310, 9425123079",919993030308
82367,Kiddy Paradise School,"Address - kiddy paradise school, infront of kavi pradip udhyan barnagar barnagar, ujjain, Madhya Pradesh 456771 India, 084350 16969",918435016969
,,,
82376,Kids Foundation,"Address - 70, Moon Palace Colony, Behind Annapurna Thana, Indore, India, 452009, Phone - 0731 498 3455",919303441711
82357,Kinder Buds School,"Address - 44, Kranti Kriplani Nagar, Indore, Madhya Pradesh 452009, Tel: +91-9993834881",919993834881
82440,Knowledge Buddy Learning Academy,"Address - 346-A Second Floor, Mahalaxmi Nagar ,Indore saurabhkhadiwal@gmail.com Mob: 7247511399",917247511399
82444,KRISHNA ACADEMY,"Address - KRISHANA ACADEMY DHARGAON TEH.MAHESHWAR DISTT.KHARGONE(M.P.) 451221, 8120709899,8717877855",918224808050
82409,Ladybird school,"Address - 159KA, Ilyas Colony Rd, Shalimar Colony, Khajrana, Indore, Madhya Pradesh 452016, Phone: 090095 46186",919099546186
82306,Lakewood international school Ritwik pathak,"Address - 140/1,Bisnavda,Airport Road, Bisnavda, Madhya Pradesh 453112 9930073255",919833734183
82492,Lioness vidhya mandir school,"Address - MVJW+C4M, Dev Guradia Rd, Near Tejaji Chowk, Near Ponpad Panchayat, Dinesh Nagar, Palda, Indore, Madhya Pradesh 452001",919617392501
82451,Little Champs school,"Address: 62, Aerodrum Rd, Ambikapuri Main, Indore, Madhya Pradesh 452006 (website)",919827526115
82363,Little Cipur School,"Address - Mahalaxmi Branch: MR 4/161, Near Bombay Hospital, Indore 9893276696 pincode - 452010",919893146668
82528,Little harvard international school,"Address - Hi link city extension,chota bangarda road , Indore, India, Madhya Pradesh (098267 86797) (school facebook ID)",919340603033
82515,MAA JINWANI PUBLIC SCHOOL,Address - pushpgiri teerth sonkatch dewas MP 455118,91982699841
82303,Madhav Science College Ujjain,"Inko Address nahi le rahe hai, inko ham nahi bhejenge",919713389538
82279,Mahtma gandhi hr sec school,"Address - Mahtma gandhi hr sec school, A.B Road,Shajapur, M.P. - 465 001",919981134926
82461,Mar Thoma Higher Secondary School,"Address - Sector C, Sukhliya, Nayay Nagar, Main Road, Indore (M.P.)-452010",918462817793
82461,Mar Thoma Higher Secondary School,"Address - Sector C, Sukhliya, Nayay Nagar, Main Road, Indore (M.P.)",918462817793
82453,Medi-Caps University,"Address - Medi-Caps University A.B. Road, Pigdamber, Rau Indore - 453331 07313111500 , 07313111501",919669663339
82425,MIT World Peace School,"Address - Gat No. 296/297, Gandhi Nagar, Opp to HP Petrol Pump, Indore 453112 (MP)",919229349203
82257,Modern public school indore,"Address - Modern Public School, Son Vay Mhow, Indore, Madhya Pradesh. PIN CODE - 453332",919827913697
82259,Mohammd Shoib,"Address - 1 Khajrana Main Road Sardar Bagh, behind Patel Market, Khajrana, Indore, Madhya Pradesh 452016, Phone - 092032 07201",919300008185
82266,"Mount global school, raishen",address not found then called him but getting no response,919806309412
82266,"Mount global school, raishen","Address - GSE Campus, Tajpura road, near Ashok Nagar, Raisen, Pincode - 464993 +91 6269904722",919806309412
82491,"Mount Litera Zee School,Mhow","Address - 361/7,Beircha Road, Mhow Madhya Pradesh, PIN-453441, 6262607501,02,03,04",919644463405
82262,Mp police public hr sec school,"address -15th Batalian. S.A.F., Mahesh Guard Line Indore, Indore Gpo, Indore - 452001",918103891312
82302,Ms agarikala School,"Address - Dasrangpur, Kawardha, Agrikala, 491336, Chhattisgarh, India",919131445360
82441,Nahar Global school,"Address: Sagod Rd, opposite Jayant Sen Dham, Ratlam, Madhya Pradesh 457001 contact number - 09479792429",919516558975
82378,Nahata professional academy,Ye khud ka erp use karte hai to inka address ham nahi le rahe hai.,919993571577
82475,New Advance public high school,"Address - G172, Sh 27, Pologround Industrial Estate, Nanda Nagar, Malti Vanaspati, Indore, Madhya Pradesh 452015",917611116600
82487,New Valley Academy,"Address - Mhow, Madhya Pradesh, India, 453441 - 09977784628",919977784628
82539,New World Public school,"Address: 348, Dhar Rd, Ammar Nagar, Indore, Madhya Pradesh 45200 (google)",917879859907
82445,Nirmal international school,"Address - NIRMAL INTERNATIONAL SCHOOL, NAJARPUR - TARANA, ROAD, Bichrod, Madhya Pradesh 456665, 8989838778",918989838778
82399,Oscar Daycare and Preschool,"Address - D-13,H.I.G,RSS Shukla nagar behind shopping complex, A.B Road,, HIG Main Road, Indore, Madhya Pradesh - 452011, : 9755657777",917987371095
82277,pakiza school Indore,"Address - Pakiza Public School: U-Turn from Ankur Rehab Center, Sai Vihar Colony, Gram Jetpura, Near Dharampuri, Ujjain Road, Indore (M.P.) Pincode - 453555, +91 9109908802, +91 9109908804",918602050501
82286,Pankaj sahu,"Address - Nagin Nagar, Chandan Nagar, Indore, Madhya Pradesh 452006, Phone - 074850 96731",917000668271
82472,Parakh Public H. S. School,"Address - Sanwer, India, 453551, Phone - 098260 66807",919826066807
82394,Patidar International SchoolNilima Vakil,"Address - Patidar International School Umia Hills, Maxi Rd, Tajpur, Madhya Pradesh 456010, +91 7880008056, +91 7880008057",919893433139
82458,Phoenix International school,Wrong entry of address in phoenix schoool kindly ignore 1st one,919713728172
82458,Phoenix International school,"Address - Progressive Kidz Sudama Nagar, Biaora District Rajgarh 465674 (M.P) +91 9425422448",919713728172
82506,Plato A school,address not found then called him but getting no response,919826863812
82383,Prarambh School,"Address - 212/4, AB Rd, opp. Panchvati Colony, Talawali Chanda, Indore, Madhya Pradesh 453771, Phone - 09993870864",919993870864
82430,Prestige Group,"Address - Address Prestige Vihar’, Sch. No. 74-C, Sector D Vijay Nagar,Indore – 10 , M.P. (India) Phone +91-731- 4016666, 4016602, 4016625 Fax +91-731- 4016633",919827037474
82498,Prestige Public School Indore,"Address - Prestige Vihar’, Sch. No. 74-C, Sector D Vijay Nagar,Indore – 10 , M.P. (India) Phone +91-731- 4016666, 4016602, 4016625",919584966693
82457,Progressive Heights,"Address - Progressive Kidz Sudama Nagar, Biaora District Rajgarh 465674 (M.P) +91 9425422448",919425422448
82365,Prudential Kids Her Sec School,"Address - Near Tirumala Greens, Behind DPS School, Nipaniya, Indore",919340102129
82313,Rajneesh Mishra,"Address: 523/2, Tikariya Rd, Nanda Nagar, Kamala Nehru Nagar, Indore, Madhya Pradesh 452015 (Malav bharti school)",919827634341
82478,RAJORIA INTERNATIONAL,"Address: 100, Veena Nagar Main Rd, Khati Pura Rd, DDU Nagar, Sukhlia, Indore, Madhya Pradesh 452003",917489276224
82350,Regel Cambridge Academy,"Address - 155/4, Sundar Nagar, Sanwer Rd, Banganga, Indore, Madhya Pradesh 452015, Phone - 9425089724 / 9977577775",919977077773
82410,Renaissance University,"Address - Campus Address - Gram Revti, Behind Aurobindo Hospital Sanwer-Ujjain Road, Indore (M.P.) - 452015. Office Address - 201-202, HeadQuarter Building, IDA Plot no. 54, Satya Sai Square, Indore (M.P.) - 452010",919893820888
82353,Rigal School,"Address - 155/4, Sundar Nagar, Sanwer Rd, Banganga, Indore, Madhya Pradesh 452015, Phone - 94250 89724",919770583354
82412,Royal Raman Academy,"Address - M 176 BHAWANI NAGAR ,Ward No.7, Indore Urban Indore, Madhya Pradesh PIN Code: 452001 (INDIA) (website)",918959058615
82524,RPL Maheshwari College,"Address - RPL Maheshwari College, 51 Chattribag, Indore, Madhya Pradesh 452002, 9039094111",918319936526
82264,Ryan international Indore,"Address - 97/4,VIP Parasper Nagar Near IDA Auditorium, Indore, M.P. (school website)",919754523332
82476,Saint national public school,"Address - 433, Chandan Nagar, Indore, Madhya Pradesh 452002",917722993737
82275,Samta international school,"Address - SAMTA SHIKSHA NIKETAN Bhagwan Mahavir Marg Sagod Road Ratlam 457001 Madhya Pradesh, 07412 243066 9589324306",918989467693
82452,San Thome Academy,"Address - San Thome Academy, Bhopal Road, Dewas, Madhya Pradesh - 455001",919407470242
82452,San Thome Academy,"Address - San Thome Academy, Bhopal Road, Dewas, Madhya Pradesh - 455001",919407470242
82400,SANDIPANI ACADEMY Mandleshwar,"Address - Sandipani Academy Maheshwar Road, Mandleshwar, Pin-451221 Dist- Khargone(MP) India +91 7610489296 +91 7610489297",919926102214
82538,Sanjivani Global Academy,Address - Indore Bhopal Highway Bhourasa Sonkatch Dewas 455115,919981104970
82431,Sanmati School,"Address: Doordarshan Kendra, Residency, White Church Colony, Residency Area, Indore, Madhya Pradesh 452001 (Sanmati Higher Secondary School)",919131422584
82540,Sarashwati Gyan Mandir,"Address - 262/3 Shital Nagar, Kushwaha Nagar, Main Road, Indore, Banganga, Indore - 452015 (Near Indore Convent School)",916261916868
82470,Satya sai english school,"Address - 24A, AB Rd, Vasant Vihar Colony, Vijay Nagar, Indore, Madhya Pradesh 452010, India, Phone - 0731-2553023",917974466911
82339,Satya Sai Vidya Vihar,"Address - Scheme No. 54, A.B. Road, Vijay Nagar, 01, Sector A, Slice 6, Aranya Nagar, Vijay Nagar, Indore, Madhya Pradesh 452010 : 0731-2553023",919424848668
82469,Sausar public school,"Address - Ward no. 08 Anjakar Colony, Sausar, Dist. Chhindwara (M.P.) 480106 India, Phone - 09752607977 / 08251868259",919300642454
82520,"School of Yoga, DAVV University, Indore","Address - Devi Ahilya Vishwavidyalaya, Nalanda Campus, R. N. T. Marg, Indore (M.P.),India Pin- 452 001 Phone:+91-731-2527532",919343244705
82330,Shaurya saraf,"Address - AB Road, Rau, Opposite Akashwani, Indore, MP, India – 453 331, Phone - +91-8720009992 / 93",918329495854
82526,Sherringwood World School,"Address - 4, Gyans Park,Telephone Nagar, Indore-452018, T: +91-7898921212 M: +91 7898900111",919179110072
82518,Shiksha Shikhar,"Address - Bhumi Survey no.44, Gram Ashapura, Mhow-Mandleshwar Road, Tehsil: Dr Ambedkar nagar (Mhow), District: Indore (M.P.) Pincode - 453441, Mobile: 7471119295",919836189589
82518,Shiksha Shikhar,"Address - Bhumi Survey no.44, Gram Ashapura, Mhow-Mandleshwar Road, Tehsil: Dr Ambedkar nagar (Mhow), District: Indore (M.P.), Mobile: 7471119295",919836189589
82501,Shikshalay Day Scholar School,"Address - 19, Shri Krishna Enclave, Sanwer Road, Indore, India, 452001, Phone - 06232101322",916232101321
82374,Shishu kunj International School,"Address - The Shishukunj International School – North Campus CBSE Affiliation No. 1031254 Gram Badodia Ema, Behind Vishwanath Dham, 453111, Indore – Ujjain Road, Indore Phone NO: +91 6262628311, +91 6262628312 Landline NO: 0732 1299017",917024441314
82328,Shiva academy,"Address - Ranmalbiluod, Madhya Pradesh 453001",919340516932
82510,Shivajirao Kadam Institute Of technology,"Address - Shivajirao Kadam Group of Institutions, Off Indore Bypass Road, Near Ralamandal Sanctuary, Tillore Khurd, Indore-452020, Madhya Pradesh India, Phone - 9770907113, 9770907100",919893302711
82483,Shree Academy,"Address - Kodariya, Madhya Pradesh, India, Pin Code - 453441, Phone - 09826714193",919826714193
82521,Shree Balaji Academy,"Address - Satwas Rd, Kannod, Dewas, Madhya Pradesh 455332, Phone - 08435155455",91982687779
82525,Shree Ganesh Convent school,"Address - 49 Arvind Nagar Infront Of Shiv Nagar, Musakhedi Indore, Indore Gpo, Indore - 452001,",919827553244
82267,Shree hd prajapati academy,"Shri S D Prajapati academy, Address: 91/1, Main Road, Banganga, Indore, Madhya Pradesh 452015",917000080343
82390,Shree Sanskar academy,"Address - Academy Road Agar Disst. Agar Malwa (M.P.) contact number - 07362-259660, 258660, 258999, 260999",919407428444
82493,Shree Shanti Vidya Niketan,"Address - 355, Dwarkapuri, Indore, Madhya Pradesh 452009",919424889949
82324,Shree Swami Ramanand Vidya Sankul,"Address - SHREE SWAMI RAMANAND VIDYA SANKUL RAMTEKRI TAPOVAN VILL.- SOPRA,CHACHODA, Sopra, Madhya Pradesh 473115, + 91 963 005 8064, +91 963 005 8438",917024574702
82324,Shree Swami Ramanand Vidya Sankul,"Address - SHREE SWAMI RAMANAND VIDYA SANKUL RAMTEKRI TAPOVAN VILL.- SOPRA,CHACHODA, Sopra, Madhya Pradesh 473115, + 91 963 005 8064 +91 963 005 8438",917024574702
82361,Shresh Dp School,address not found,918319090800
82462,"Shri Jaigovind Gopinath H. S School, Mho","Address - SHRI JAIGOVIND GOPINATH HIGHER SEOCONDARY SCHOOL, ADDRESS 49, PEET ROAD NEAR RAILWAY STATION, MHOW, 07324-299323",919826755161
82488,Shri ramashraya public h s school,"Address - JRRH+HG9, Saptashrungi Nagar, Indore, Madhya Pradesh 452012",919893078305
82531,Shrikanwartara Pub Hr Sec School Mandles,"Address - Shrinagar Colony Extn., Barwaha Road, Mandleshwar (451221), Madhya Pradesh, 096696 97027",919669696243
82347,Sikka,"Address - Plot. 17 & 17A, Phase – II Scheme No. 78, INDORE – 452010, Phone no - (+)91 731 2577254, 2577271",918866330440
82411,Silicon Academy,Address not found,918269091313
82255,Silicon Acadmey,"Address: 76, Gali Number 3, Ward 7, Sanwer Road Industrial Area, Indore, Madhya Pradesh 452015",918269091343
82301,Smt. Kamala Saklecha Gyan Mandir,"Address - Smt. Kamala Saklecha Gyan Mandir Bhanpura Dist: Mandsaur-458 775, Madhyapradesh. · +91-7427-280687 / 236563",919967059206
82355,Spectra Technologies India Pvt Ltd,Ye competitor hai iska address nahi lena hai nahi bhejna hai new year kit,918010011010
82446,Springfield World School,"Address - Springfield World School Opposite ITC Choupal, Lashkarpur Road, Vidisha 464001 (M.P.) India T: +91-7592 297 070 / M: +91-9179001197",917879629757
82380,Sri Sathya Sai Vidya Vihar,"Address - Scheme No. 54, A.B. Road Indore",919425032677
82463,Sri Sri Ravishankar Vidya Mandir Indore,"Address - Sri Sri Ravishankar Vidya Mandir Village Sanawadia, Behind Devguradiya Temple, Nemawar Road, Indore-452016, Madhya Pradesh, India, 8889010888, 07312863100, 07312863300",919893378881
82495,St Mary senior secondary school,"Address - St.Mary Champion School Navdapanth , Dhar Road, Indore 452013,",918210078460
82514,St. Augustin School,"Address - Narmada Nagar Road, Punasa, Dist. Khandwa (MP) 450114, Phone - 9424803492",918889972168
82467,St. Jones,"Address - Maharana Pratap Teraha, Jabalpur Naka, Shrivastav Colony, Vaishali Nagar, Damoh, Madhya Pradesh 470661, 07812-221658 +91 8109724606",919009864003
82389,St. Mary Champion H S School,"Address - St.Mary Champion School, Navdapanth , Dhar Road, Indore, Phone - 9981995901, 6264901856",918770184523
82345,Sukun India,"Address - Sukun India, 70C, Suvidhi Nagar, MR 5, Super Corridor 452005 Indore, Madhya Pradesh, India, 8602125015",918435305979
82256,Suman convent school,"Address - Village Ataheda Tehsil Depalpur, Depalpur, Indore - 453115 (Zila Indore)",919981130877
82256,Suman convent school,"Address - Village Ataheda Tehsil Depalpur, Depalpur, Indore - 453115 (Zila Indore)",919981130877
82370,The Academic City,"Address - Mohankheda Jain Tirth, Rajgarh (Dhar), Manglia, 453771",919826727022
82331,The Aditya Birla Public School,"Address - The Aditya Birla Public School Dahej Road, Kesrol, P.O. - Eksal, Bharuch, Gujarat, PIN - 392130, +91-9904203311",919649416666
81925,THE EMERALD HEIGHTS INTERNATIONAL SCHOOL,"Address - AB Road, Rau, Opposite Akashwani, Indore, MP, India – 453331, Phone - 8720009992 / 93",918720009992
82480,The Learning villa school,"Address - HO -23-C Sangam Nagar, Near Ram Mandir Indore 452006, Phone - 9826532550 7697436916",919826424001
82360,The Legacy world school,"Address: 225, Airport Rd, Dwarkadhish Colony, Panchsheel Nagar, Indore, Madhya Pradesh 452005",919893079247 Deesha Ojha Owner
82364,The Shishukunj International School,"Address - Jhalaria, Bypass Road, Indore, 452016, Madhya Pradesh, India, 9111104781/82, 9644733315/16",919977600229
82369,The Wizz Kids Preschool & Activity Club,"Address - 102, Sampat Farms, Opposite Grande Exotica, Bicholi Mardana, Indore (M.P), Phone - (+91) 9111499119, 9111099119",919111099119
82368,The Wonder Years School,"Address: 142, Dhanwantri Nagar, Rajendra Nagar, Indore, Madhya Pradesh 45200",919977750058
82517,Unnati Academy,"Address -Unnati Academy, Anu Nagar, Badnawar, Dist. Dhar- 454660 (M.P.), Phone: 8982892018, 9981626161",919685143339
82465,UPES Dehradun,address not found,918448581647
82381,Vedaant Vidhyakulum,"Address - Vedaant Vidhyakulum, Kanadia Road, Village Barodiya Kera,Indore, Kara, Village Barodia, Kanadia Main Rd, Indore, Madhya Pradesh 452016 MP, 82259 55500",917974592006
82310,Vrashali Singh,"Address: Buranakhedi, Kanadia Road, Dist.Indore, Somdeep International School",917898021000
82473,Yatharth international school,"Address - 136-B, Nagin Nagar Rd, Nagin Nagar near Kalani Nagar, Indore, Madhya Pradesh 452006, Phone: 089822 89888",919754641888
82274,Yugantar international,"Address - Yugantar international, Gram Undasa, Kanipura Tarana Road, Ujjain (M.P.) 456006, +91-7440371111",919039241112
502,Shivam Public School,"Shivam Public School, Shivam nagar Dhakar mod khurja, Pin :- 203131",74097 40907
702,Oil valley Girls and Boys School,"Oil Valley Girls' & Boys' School, (CBSE) Banipur, Hatimurah, P.O. DIBRUGARH, Assam 786003. ",69016 81354
65115,"Uma Devi Acadmey, Mohammadi ","Uma Devi Children's Academy, Gulauly Road, Mohammadi Kheri Pin :- 262804",93366 39504
65203,Dr Rajeev Modern Public School: Rajeev Varma,"Dr Rajeev Modern Public School, SDM Colony Near Block Gate and Pitamberpur Station Faridpur, Pin code 243503",81712 32133
65273,Bharti Vidya Bhawan (BVB) Banswara : Piyush Nagawat,"Bharti Vidhya Bhawan sr sec school, Ratitalai link road,Banswara rajasthan 327001",90049 78778
67768,Sham Golden Academy,"Sham Golden Academy, 36/D, Topsia Road (East) Kolkata - Pin -700100, Uttar Panchanna Gram",97481 28123
65400,Ayush Public School,"Ayush Public School, Near PWD colony, Town: Jakhalabandha District: Nagaon, State: Assam. Post office: Jakhalabandha, Pin code: 782136.",98649 91736
66417,B P world school,"BP World School, Sunderbani Ward no 1 Sub-District Government Hospital Jammu & Kashmir, 185153 ",78897 17437
65365,Central Academy Ajmer,"Sudhakar kumar, CENTRAL ACADEMY, PRAGATI NAGAR KOTRA, AJMER RAJASTHAN, 305004",98280 77332
74594,Deoria Private ITI - Pawan Kumar,"Deoria Private ITI, Krishna Nagar Deoria Khas, District - Deoria, UP 274001",87001 83732
68678,Dream Valley Educational Institute-Altaf Maqbool,"Dream Valley Educational Institute Tangdar, District Kupwara, Tehsil Tarathpora, Pincode 193224",95963 42402
64874,Golden Dale School Begusarai,"Golden dale school, At- Ballia Block campus , Near Pashu hospital , District- Begusarai, Pin - 851211","90062 66194, 82923 54447"
68733,GOLDEN VALLEY H S SCHOOL-Joydip Deb,"GOLDEN VALLEY H S SCHOOL, PADMAPUR, DHARMANAGAR, PIN 799250, TRIPURA",94361 32294
68402,Gurukul International School,"Samarth Complex, Near Samarth Petroleum, Nashik-Saputara Highway, Dindori , Dindori, India, Maharashtra 422202",95526 67478
66289,Lotus international school,"Lotus international public school jawaharnagar, Vivekanand colony petrol pump thana tah + dist - Bhandara, Maharastra 441906 MOHADI BRANCH ADDRESS - Dongargaon siddhi mandir jawal andhalgaon road tah - mohadi dist - Bhandara 441906",80555 51345 (jawaharnagar branch)
66555,Maharaja Agrasen Polytechnic College-Navneet,"Maharaja Agrasen Polytechnic College, Dayantpur jewar G.B.Nagar UP 203135",78300 36335
80929,Mathan School of Music-Praveen Sir,"1759 MJT Buildings
Olumbus Ramanathapuram
Coimbatore 641045",97913 04311
66104,MODERN INTERNATIONAL SCHOOL/Chandrashakher Patel,"Modern international school khulri, Village+post- khulri, Teh. - gadarwara, Distt.- narsinghpur 487441",6268 586 583
2488,Prabhu Dayal Vidyalaya Kurukshetra,"H No. 1635, Sector - 13, Urban Estate, Kurukshetra HARYANA, Pin Code - 136118",82953 11978
81,QMS Boys,Queen marys sr sec school ramnagar pushkar Road ajmer 305004,97726 01466
405,QMS Girls,"Queen Mary's Girls School, B K Kaul Nagar, Pushkar Road, Ajmer 305001",80036 27170
404,QMS Nasirabad,"Nandla, Nasirabad, Dist Ajmer, Rajasthan, Ajmer, Rajasthan 305601",94612 76730
81437,RK Bansal International School,"R. K. Bansal International School, Village Kamed, Ujjain-Nagda Bypass, Near Mangalnath Temple, Ujjain (MP)-456006",95755 29777
82225,Samrat Ashok College,"238/239 Green Height, A-Sec, Sarvadharm Kolar, Bhopal",reseller end 9301551532
69066,Sanskriti Global School Badnagar,"The Sanskriti Global School, SH-18, Ujjain Barnagar Highway, Near Kharsod khurd, Barnagar, Distt. Ujjain 456222",90097 49551
65811,Shyama devi public school,"Shyama devi public school, Village Babhnauli post Barawa Bazar District Kushinagar UP 274305",96287 54001
82100,www.mountvalley.co.in,,
5,"Akshat International School, Ujjain","Akshat International School, Lalpur, Ujjain Dewas Rd, Nagziri, Ujjain, Madhya Pradesh 456664",88394 52019
59,"Kalidas Montessori Nanakheda Branch, Ujjain ",Ujjain,98275 87089
75,KALIDAS MONTESSORI SENIOR SECONDARY SCHOOL,"Address–17,MILKIPURA, Bada teliwada,UJJAIN-456010, 89826 13275, 90395 13294",89826 13275
287,Kids Gurukul,"Plot No. 111 Parshpuram Apartment, Jay Nagar, Near Omkareshwar Temple, Jalgaon 425001, Minal Mam- 8208057602, Kruti Mam - 9823495225",94038 43866
521,virgin mary school ujjain,"Virgin Mary H S School, 157, Mangal Colony , Udyan Marg , Sethi Nagar Ujjain, Pincode - 456001, Contact: 7000187472 ",94259 15435
525,Gateway International High School,"Postal address:- M.RAJASHEKHAR REDDY, Gateway International High school, Budwel,Rajendranagar, Hyderabad-30,Pin code - 500030, Ph no:8886085556/9133443300",8919301406
8136,KADAMBINI CHILDRENS ACADEMY,"Kadambini Children's Academy, A-55, Indira Nagar, Agar Road,Ujjain, pincode: 456010, 0734-2580423. 9893087678",88171 57272
65247,"Neuron Labs, Pune ","Neuron Labs School, Survey no 19, Behind Vitthal Mandir, Before 10 Vrindavan Society, Dhanori, Pune - 411015, Contact no. 09545008800",98901 80381
65266,"GdGoenka Lapetite Lohia Nagar, Ghaziabad","Gd Goenka La Petite, C-3, Lohia Nagar, Gzb,Pin code - 201001,Phone - 9953998904, 7838360542",99539 98904
65358,Aatmdeep Vidyalaya,"Aatmdeep vidyalaya, Siktaur , Near Deoria bypass , Gorakhpur, Pin code - 273010, Contact no . 8853210002 , 9935703444",78000 43145
66181,Shri Pragya Public School Bijai Nagar,"Shri Pragya Public School, Pragya Road, Bijainagar, Dist. Beawar, Pin code 305624, mob. 9461996117",98287 13008
67767,Muskan International School,"Muskan International School Kantabanji, Dist: Bolangir, State: Odisha, Pin code: 767039, Mobile number: +91-9937794103",99377 94103
68400,SVM CHILDRENS ACADEMY,"svm children's academy,diwan anagar khora bisal, Jairampura road, Jaipur, Pin - 302012,Mobile - 9928048748, 9829854868",99280 48748
68729,"Vision Public School, Nagda","Vision Public School, 28/5, Prakash Nagar, Nagda Jn. 456335, 8770444151, 9893798945",87704 44151
81540,Pragya International School,"Pragya International School, Ward No 2, Pragya Road, Bijainagar Dist. Beawar Pin Code 305624, mob. 7357659177",98287 13008
81808,NEW HORIZON WORLD ACADEMY,"New horizon world academy Plot no 58 to 62 sector 20 koparkhairne 400709, 9152139989, 7039422240",98334 05116
66181,Bhinai,"Sri Pragya Public school, Sthanak Gali, Bhinai, Pincode - 305622, phone- 6377506336",6377506336
66181,Gulabpura,"Shri Pragya Public School, Shri Nanak Jain Chahatralya, Gulabpura Dist : Bhilwara, Rajasthan, Phone - 8529251166, Pincode - 311021",8529251166
66181,College,"Shri Pragya Mahavidyalaya, Pragya Road, Bijainagar, Dist. Beawar, Pin Code 305624, Contact 9587888125",9587888125
3,"Stanford International Girls School, Ujjain","gram mindia ,Indore road, Ujjain,456001",94259 84873
401,Himalaya Inter college-Prakash karki,"NH309A, Chaukori,Uttarakhand 262531",96273 88565
432,Rainbow India School-P S Bhati,"Plot no 13, dharmadeep park,bhuj kutch Gujarat,370001",88662 22236
3897,Elite International School,"Elite International School, Near Civil Hospital Kandaghat,Pin code 173215 ,Contact 9780858487",97808 58487
8122,Aaradhya International School,"Munja Khedi, Narwar, Dewas-Ujjain Road, Ujjain (M.P.)-456664",96855 13689
10982,Shree SudhaSagar Digamber Jain Vidya Vihar Senior Secondary School-Anand Soni,"Shri SudhaSagar Digamber Jain Vidhya Vihar senior secondary school,Sapanda Road,Kekri - 305404",92145 57857
11256,SNS ACADEMY COIMBATORE,"538, THUDIYALUR-SARAVANAMPATTI ROAD, VELLAKINAR, COIMBATORE-641029,",96985 29745
65196,Mom’s Pride Education Society,"Mini bypass road, Near Delhi Pul, Sirsa - 125055",99911 00101
65254,Shree Santoshi Global School,"Address: 26, Shyam residency, Nr. SSGS Preschool, SSGS Preschool Rd, Bavla, Gujarat 382220 ",82640 06699
65360,"Royal Public School, Ajmer ","Shri Balaji Royal Public school Foy Sagar road chamunda chowraha Ajmer,305005",85598 95515
65406,Palm International School,Palm International School Bariatu Ranchi - 834009 Jharkhand,80020 04339
66416,The Legend School,"Near main gate of Maharaja Bada Bagh,Kadavi road Dumraon 802119 ",96931 40322
67457,Third Millennium Public School Nowshera ,"amar bagh bela, ward no 01 ,Nowsher 185151",90706 74744
67706,Birsa residential school,"saldega,PO/PS dist simdega(JH) 835223",93860 48376
68143,RISING BUDS PUBLIC SCHOOL,"POORE BADAL WARD, NAGAR PANCHAYAT SUBEHA, BARABANKI",91615 00483
68375,Sunshine public school,"16/7 dodda gollarahatti, magadi, main road , banglore - 560091 ",97395 95460
68417,Shree Narsingh Vidhya Higher Secondary School-Sunil Kumar Upadhyay,"samba Ghagwal,M.S Radial Naran, Jammu & Kashmir 184141",77809 30901
68597,Vipul Educational Institution,VIPUL PUBLIC SCHOOL Dungra chhota Teh. Sajjangarh Dist. Banswara Rajasthan 327602,98287 05752
68624,YUG NIRMAN SHIKSHAN SANSTHAN SENIOR SECONDARY SCHOOL,"Yug Nirman shikshan sansthan inter college,Deoria Khas,,District -Deoria,State -U P,Pin code -274001",94558 28947
68913,Maharishi Dayanand Public School,Near CRPF CG 1 Ajmer ,97845 02143
74234,St. Gorakh Nath Children Academy,"St. Gorakh Nath Children Academy, near Post Office, Kandhla, Uttar Pradesh 247775",9627206946
76046,SYNOD ENGLISH MISSION SCHOOL,"Ward no 2, Gauripur, Dhubri(Dist), Assam. 783331",70028 33612
81860,Satyam Bright Future Public School Mathura,Satyam bright future public school near Bansal vatika Aurangabad road mathura 281006,63981 67 725
81934,legend school ,"Station road, Maharaja petrol pump dumraon 802119 ",97716 18024
284,Kids Arena,"The Tree House, 6A/D, Pushtikar CHS, Patel estate road, Opp Harbour line station, Jogeshwari west, Mumbai 400102, Ph 9821052249",86554 46322
314,Ken International,"Ken International Girls School Chak Jayrampur behind Sanchi Dugdh Sangh Maxi Road Ujjain, Pin code 45661, Mob.no. 7974761294",83196 03839
393,"Genius Global School, Solan , Himachal Pradesh ","Genius Global School, 194, Anand Vihar,Saproon, Solan (H.P.) , Pincode - 173211, Phone - 9816277154, 7778800054",77788 00054
7632,Billabong High International School,"BILLABONG HIGH INTERNATIONAL SCHOOL , MIST Campus, Limbodagari , Behind Aurobindo Hospital, Sanwer Road, Indore-453111, MIST....Malwa institute of science and technology., Phone - 9977073338",99774 00167
8135,JOLLY MEMORIAL MISSION SCHOOL,"Jolly Memorial Mission School, Ora park colony, Near Sethi Nagar, Ujjain. Pin- 456010, Mob:- 7415415449",75096 63188
65246,Vivekanand Public School,"UJJWALA BHOYAR, ADDRESS :- AAKARSH CAREER INSTITUTE PVT LTD, 2ND FLOOR,57, PRADIP, BUILDING,MOUNT ROAD, SADAR NAGPUR, MAHARASHTRA 440001., Mob. 7020125296",92352 74745
65439,Aadharshila Inventive Global School,"AADHARSHILA INVENTIVE ENGLISH SCHOOL, BHATON KA BASS MURLIDHAR VYAS NAGAR ROAD BIKANER, LAND MARK :- VIVEK BAL NIKETAN SCHOOL, MOB: 8005718087, Pincode - 334001",80057 18087
65452,JUNIOR CAMBRIDGE SCHOOL,"Junior Cambridge School, Vidya Bhavan Main Road Niche Bazar Simdega Jharkhand - 835223 Phone: 8210284534",82102 84534
65859,"Bafna Charitable Trust, Aurangabad","THE EVOLVERS NEST PRESCHOOL, A/7/A, MIDC CHIKALTHANA AURANGABAD - 431001, Mob. 77200 25133",77200 25133
66103,ST. MICHAEL PLAY SCHOOL,"St. Michael's Play School, Near Sunday Market, Ratu,Ranchi, Jharkhand, Pin code - 835222, mob. 7319768322,7520332272",93045 82434
66225,Greenland school,"Naval Kishore (Principal), Lions Sr. Sec. School , NTPC Shaktinagar, Sonebhadra, U.P., Pin - 231222, Ph. No. - 9554830012",98383 87070
66334,Modern Academy School,"Modern and PMM academy both have same owner Ravi Ranjan sir, So we will only share one parcel to PMM academy",9199559199
66443,PMM Academy,"PMM Academy, Ashok Nagar, Gaya, Pin - 823001, Bihar, Cont :- 9199313153",9199559199
66937,Wee care play school,"Wee care play school, Amrit colony near Nehar cable office rohtak,Pin - 124001 haryana, Phone - 9671851539",96718 51539
66999,Bright Academy School,"Address: Gurunanak Sarani, Punjabipara, Siliguri, Pincode - 734001, Phone - 9832095334",98320 95334
67126,"Delhi World Public School, Dhar","Delhi World Public School, Dharawara (Mandav Road), Mobile : 8602456294, Pin - 454001",86024 56294
67622,AKC Education,"AKC SCHOOL, NARBADA NAGAR CHAMTI KHERA ROAD CHITTORGARH, pin 312001, Rajsthan, Mo.No 94142 02332",94142 02332
68741,Rani Bhabani Vidyaniketan,"Rani Bhabani Vidyaniketan , Index No:-E3-099, Saderghat. Raghunathganj.Murshidabad, Pin - 74225, Phone - 03483356008/7407605008,9434441529",94344 41529
70297,"Anandi Academy, Bageshwar","Chandan Singh parihar ,C/o Anandi Academy Bankhola Mandalsera Bageshwar, Uttarakhand, Pin 263642, Mobile:9719862206, E mail: chandanparihar65@gmail.com ",97198 62206
81910,Aakarsh career institute pvt ltd,"UJJWALA BHOYAR, ADDRESS :- AAKARSH CAREER INSTITUTE PVT LTD, 2ND FLOOR,57, PRADIP, BUILDING,MOUNT ROAD, SADAR NAGPUR, MAHARASHTRA 440001., Mob. 7020125296",70201 25296
82025,Rani Bhabani International School,"Rani Bhabani Vidyaniketan , Index No:-E3-099, Saderghat. Raghunathganj.Murshidabad, Pin - 74225, Phone - 03483356008/7407605008,9434441529",94344 41529
66015,Natkhat Kid's School Gayatri Nagar,"Natkhat kids school, Gayatri Nagar Sudna Daltonganj palamu jharkhand, Pin code 822102, 7979858264",79798 58264
10247,Mangal Newton School,"Mangal Newton School , Hasti Complex 5th milestone Ajmer road, Beawar, Distt:- Ajmer , State :- Rajasthan ,Pin code :- 305901, Mobile no:- 9314284515, 8302406368",83024 06368
12747,J.R. Global International Junior High School - Mr.Kuljeet,"JR Global International School, Address Sablu Garhi, Near Kharkhari RLY.STN, DELHI- NCR, Loni, Ghaziabad, Uttar Pradesh-201102",88603 44802
13342,"Green Willow Public School, Mathura -UP ","Green Willow Public School , NH-19, Navada, Mathura (U.P.) India – 281006, +91-8191000449, =+91-8191000443",70176 35631
13659,Suryadev International School,Shiv Kumar C/O Surya Dev International School 69 Gher Khatti New Mandi Muzaffarnagar 251001 UP,75206 62977
65521,IK Model School,"IK Model School, Address: Kaushis Vihar, Bypass Rd, Raxaul, Bihar 845305, +91 91222 88811, +91 93823 43321 ",91222 88811
66061,Jupiter Pre School,"Jupiter International School C3, Yashwar nagar, kachnar city, Vijay Nagar, Jabalpur MP 482002",74155 06133
66154,Promise Land Public Inter College-Anugrah Stanley,"Promise Land Public Inter College ,P.O. Rupaidiha Distt. Bahraich UP-271881,Contact No: 7754081675",94526 15490
66258,SEMS MODEL SCHOOL,"SEMS MODEL SCHOOL Address:- Near Baram BABA Mandir, Karvi Road, Manikpur, Chitrakoot (UP) Pin code:- 210208 ,Mobile:-8448449915, 9984907313, 9125789847",99849 07313
66910,St Thomas School,"Seby M Baby, ST Thomas school, Dhakuakhana Lakhimpur Assam- 787055, Ph 9957473740",99574 73740
67213,Contai Public School,"Contai Public School , Add- Dakshin Gopinathpur, P.O.- Contai Super Market, Distt- Purba Medinipur, West Bengal, Pin No.- 721402, Phone No. - 9734482037/ 9432427407",97344 82037
68376,Gurukul Vidya Bhawan,"Gurukul Vidhya Bhawan Sec.School ,Address- Near Talab , Amrakunj,Dahod Road Thikariya, Banswara (Raj.), Pin Code-327001",94604 31999
68775,Yash Group of Institutes,Near Railway station Satona Kh TQ. Partur Dist Jalna Maharashtra 431502.,99606 84460
68841,Kudos International School-Dr Kuljeet kaur,"Kudos International School, Add:- Nainwan Road, Near Bahadur Singh Circle Bundi - Rajasthan, Pin code 323001, Phone 07472457336, Mobile 9828117001",98281 17001
70031,SBSR Inter College- Avtansh Yadav,"SBSR INTER COLLEGE VILL- VIRAYAMPUR POST- PILKHANA DISTT- FARRUKHABAD PIN 209501, MOB -9528132414",95281 32414
70115,Tagore Central Academy,Himanshu jhankal House no 145 Gyan Vihar colony behind Queen Mary girls school ajmer  305001,63754 76195
80404,Future Genius Academy- Mohhan Vaishnav,"Future Genius Academy , Pathwari ke piche, High Secondary Road, Sarwar. Pin code 305403, Mobile no. - 9672970991",96729 70991
81259,Stepping Stones International School,"Principal, Stepping Stones International School. Beas complex, Near Circuit House. Bilaspur HP 174001, Mob 8988155000",89881 55000
81743,Rockford Academy,"ROCKFORD ACADEMY, Saribari Square, Sodang, Unhel Road, Ujjain 456006 MP",97130 30402
81908,"THE CRESCENT SCHOOL,Main Branch, Kaptanganj","Dr Mohd Hasib , Main Branch, The Crescent School, Chilwan, Tahsil KAPTANGANJ, Kushinagar U.P. 274301",99350 00766
82179,Achievers International School School,"Achievers international school, Add:- Jawahar chowk koudiya Gadarwara Madhya Pradesh, 487555, Contact 9691606090,9907999940",96916 06090
65690,"The Crescent School, Kaptanganj","Dr Mohd Hasib , Main Branch, The Crescent School, Chilwan, Tahsil KAPTANGANJ, Kushinagar U.P. 274301",99350 00766
65411,Shivam College of Education,,
8501,DG Agrawal Nava Pur School,"Smt. D.G. Agrawal English Medium School Navapur, Mahalakshmi park NH6 Navapur Tal Navapur Dist. Nandurbar,Pincode 425418",94037 17446
422,"DG Agrawal Memorial, Pimpalner ","Smt. D.G.Agrawal Memorial English Medium School,Indira Nagar,Pimplner. P. O.Tal. Sakri,Dist. Dhule ,Maharashta ,Pin - 424306",96654 34121
81590,"DG Agrawal Memorial Senior Secondary School, Chinchpada","Smt. D g Agrawal Memorial English Medium School, Chinchpada Near Railway StationTal.Navapur,Dist.Nandurbar,Maharashtra,Pin. 425417",84462 34322
8139,Lokmanya Tilak Higher Secondary School,"Lokmanya Tilak higher secondary school CBSE behind railway station neelganga ujjain, Pincode 456001",82240 39394
80981,"Sai Ram International School, Manguwal,Himachal Pradesh ","Sai Ram international school, Manguwal PO. Rajpura Tehsil Nalagarh District Solan, Himachal Pradesh Pin no. 174101",8352810745
64492,Sanskaar Public School,DIWADIYA BLOCK- ICHHAWAR SEHORE (MP)-466115,96175 39348
66692,ASSAY INDIAN MODEL SCHOOL-Shyam Lal Mahato,"Tithpukur ,P.O- Tungidighi, P.S- Karandighi, Dist- Uttar Dinajpur, Pin-733215",98519 04240
505,"St. Maryam Public School, Jhasi (Senior)",103/A NEAR TELEPHONE EXCHANGE VEERANGNA NAGAR JDA COLONY MEDICAL ROAD JHANSI (Pin - 284128),92356 31471
81433,UP Public School,"Up public school, Vill- tenua narauli bhikham, Post -khukhundu, Distt -deoria up 274501",99846 18080
503,Shivam Global School,"Shivam Global School, Khurja Junction, Bulandshahr (UP), Pin code- 203131.",84770 00361 
80929,Mathan School of Music-Praveen Sir,,97913 04311
404,QMS Nasirabad,,94612 76730
503,Shivam Global School,"Shivam Global School, Khurja Junction, Bulandshahr (UP), Pin code- 203131.",84770 00361 
